Comunidade (Faculdade/Instituto),Handle Comunidade,Subcomunidade (Curso/PPG),Handle Subcomunidade,Coleção,Handle Coleção,UUID Coleção,TYPE,observação
BIBLIOTECA UNIVERSITÁRIA,123456789/11825,BIBLIOTECA UNIVERSITÁRIA,123456789/11825,Documentos Regulatórios e Instruções,123456789/11826,a7d98ac8-4592-410b-bd65-aef3660dfbb0,administrativeOtherProcess,
INSTITUTO DE FÍSICA,tede/11,Programa de Pós-Graduação em Ciência e Engenharia de Materiais (PPGCEM),123456789/11947,Doutorado em Ciência e Engenharia de Materiais - PPGCEM,123456789/11949,8a129491-784f-45c1-addb-f2e4ee20777b,thesisProcess,
INSTITUTO DE ESTUDOS DA LINGUAGEM,tede/5,Programa de Pós-Graduação em Estudos da Linguagem (PPGEL),tede/18,Doutorado em Estudos da Linguagem - PPGEL,tede/61,c9a3d34d-3847-4696-8c17-03d23188839c,thesisProcess,
INSTITUTO DE QUÍMICA,tede/12,Programa de Pós-Graduação em Química - PPGQ,tede/29,Doutorado em Química - PPGQ,tede/68,b22c8eae-df51-433b-9b71-340c10db1248,thesisProcess,
INSTITUTO DE FÍSICA,tede/11,Programa de Pós-Graduação em Ciência e Engenharia de Materiais (PPGCEM),123456789/11947,Mestrado em Ciência e Engenharia de Materiais - PPGCEM,123456789/11948,6394f614-0161-4cee-847c-d70bb24b9ded,dissertationProcess,
FACULDADE DE EDUCAÇÃO,tede/6,Programa de Pós-Graduação em Educação (PPGEDUC),tede/52,Mestrado em Educação,tede/82,7c45b1ef-20ee-40b3-8293-29f6a369030d,dissertationProcess,
FACULDADE DE ENGENHARIA,tede/7,Programa de Pós-Graduação em Engenharia Civil (PPGEC),tede/15,Mestrado em Engenharia Civil,tede/86,effa8c60-bf2c-4695-bbbe-4ad669cf650a,dissertationProcess,
FACULDADE DE ENGENHARIA,tede/7,Programa de Pós-Graduação em Engenharia de Produção (PPGEP),tede/55,Mestrado em Engenharia de Produção,tede/84,ff1f2ae1-20a6-46b5-b123-4b5ca93440d6,dissertationProcess,
INSTITUTO DE ESTUDOS DA LINGUAGEM,tede/5,Programa de Pós-Graduação em Estudos da Linguagem (PPGEL),tede/18,Mestrado em Estudos da Linguagem - PPGEL,tede/62,8fb43025-46d3-4a42-b1de-4c4d6dd3a48c,dissertationProcess,
INSTITUTO DE FÍSICA,tede/11,Programa de Pós-Graduação em Física (PPGEF),tede/19,Mestrado em Física - PPGEF,tede/71,f0d9e12b-89ce-4a6b-88c3-6e814643c855,dissertationProcess,
INSTITUTO DE GEOGRAFIA,tede/9,Programa de Pós-Graduação em Geografia - PPGGEO,tede/20,Mestrado em Geografia,tede/74,10574c6b-3622-4f0f-a702-018b00cb8a2f,dissertationProcess,
CENTRO DE GESTÃO E NEGÓCIOS,tede/49,Programa de Pós-Graduação em Gestão Organizacional (PPGGO),tede/50,Mestrado em Gestão Organizacional - PPGGO,tede/80,f521557b-889b-464a-8f11-5d5b9df22dd3,dissertationProcess,
INSTITUTO DE HISTÓRIA E CIÊNCIAS SOCIAIS,tede/3,"Programa de Pós-Graduação em História, Cultura e Formação de Professores (PPGH-MP)",tede/23,Mestrado em História,tede/76,49f273e4-4a00-40f5-b9c1-238df8f0bb42,dissertationProcess,
INSTITUTO DE MATEMÁTICA E TECNOLOGIA,tede/4,Programa de Pós-Graduação em Matemática (PROFMAT),tede/24,Mestrado em Matemática em Rede Nacional - PROFMAT,tede/78,54bfb26c-c435-4d90-9915-c1f156830726,dissertationProcess,
INSTITUTO DE MATEMÁTICA E TECNOLOGIA,tede/4,Programa de Pós-Graduação em Modelagem e Otimização (PPGMO),tede/26,Mestrado em Modelagem e Otimização - PPGMO,tede/40,9c0b3062-8a3b-45bd-9b7b-fadfbedc4cc7,dissertationProcess,
INSTITUTO DE QUÍMICA,tede/12,Programa de Pós-Graduação em Química - PPGQ,tede/29,Mestrado em Química - PPGQ,tede/66,eece05ab-bb0f-4f91-a87f-585a0b2d5814,dissertationProcess,
DOCUMENTOS ADMINISTRATIVOS,123456789/12206,DOCUMENTOS ADMINISTRATIVOS,123456789/12206,Outros documentos administrativos,123456789/12210,b2d7099a,administrativeOtherProcess,
DOCUMENTOS ADMINISTRATIVOS,123456789/12206,DOCUMENTOS ADMINISTRATIVOS,123456789/12206,Políticas,123456789/12208,759567cd,policyProcess,
DOCUMENTOS ADMINISTRATIVOS,123456789/12206,DOCUMENTOS ADMINISTRATIVOS,123456789/12206,Portarias,123456789/12207,d32f83ce,ordinanceProcess,
INSTITUTO DE FÍSICA,tede/11,,,Programa de Pós-Graduação em Ciências Exatas e Tecnológicas - Doutorado (PPGCET),123456789/12035,66332bf1-2b2e-4202-b34c-3f5686b95868,thesisProcess,
DOCUMENTOS ADMINISTRATIVOS,123456789/12206,DOCUMENTOS ADMINISTRATIVOS,123456789/12206,Resoluções,Nota ,206325dd,resolutionProcess,
CENTRO DE GESTÃO E NEGÓCIOS,tede/49,Curso de Graduação em Administração (bacharelado),123456789/11790,Trabalhos de Conclusão de Curso,,,tccProcess,Nota para TI: exclui pois o handle estava igual ao handle do repositorio em produção de Trabalhos de Conclusão de Curso de Matemática Industrial
CENTRO DE GESTÃO E NEGÓCIOS,tede/49,Curso de Graduação em Administração EaD (bacharelado),123456789/11824,Trabalhos de Conclusão de Curso,123456789/12215,e755cdbb-c8cc-43e8-b385-fa5049a58c7d,tccProcess,
FACULDADE DE EDUCAÇÃO,tede/6,Curso de Graduação em Educação do Campo (licenciatura),123456789/11793,Trabalhos de Conclusão de Curso,123456789/12221,2e9b80fc,tccProcess,
FACULDADE DE EDUCAÇÃO,tede/6,Curso de Graduação em Pedagogia (licenciatura),123456789/11791,Trabalhos de Conclusão de Curso,123456789/12240,44872e13,tccProcess,
FACULDADE DE ENGENHARIA,tede/7,Curso de Graduação em Engenharia Civil (bacharelado),123456789/11794,Trabalhos de Conclusão de Curso,123456789/12224,a924083c,tccProcess,
FACULDADE DE ENGENHARIA,tede/7,Curso de Graduação em Engenharia Mecânica (bacharelado),123456789/11795,Trabalhos de Conclusão de Curso,123456789/12227,12e40368,tccProcess,
FACULDADE DE ENGENHARIA,tede/7,Curso de Graduação em Engenharia de Minas (bacharelado),123456789/11797,Trabalhos de Conclusão de Curso,123456789/12225,c084d493,tccProcess,
FACULDADE DE ENGENHARIA,tede/7,Curso de Graduação em Engenharia de Produção (bacharelado),123456789/11796,Trabalhos de Conclusão de Curso,123456789/12226,99385daa,tccProcess,
INSTITUTO DE BIOTECNOLOGIA,tede/10,Curso de Graduação em Ciência da Computação (bacharelado),123456789/11801,Trabalhos de Conclusão de Curso,123456789/12216,ff955417,tccProcess,
INSTITUTO DE BIOTECNOLOGIA,tede/10,Curso de Graduação em Ciências Biológicas (bacharelado),123456789/11798,Trabalhos de Conclusão de Curso,123456789/12217,796792c2,tccProcess,
INSTITUTO DE BIOTECNOLOGIA,tede/10,Curso de Graduação em Ciências Biológicas (licenciatura),123456789/11799,Trabalhos de Conclusão de Curso,123456789/12218,582d5584,tccProcess,
INSTITUTO DE BIOTECNOLOGIA,tede/10,Curso de Graduação em Educação Física (bacharelado),123456789/11802,Trabalhos de Conclusão de Curso,123456789/12222,e24a4d76,tccProcess,
INSTITUTO DE BIOTECNOLOGIA,tede/10,Curso de Graduação em Enfermagem (bacharelado),123456789/11803,Trabalhos de Conclusão de Curso,123456789/12223,586b8144,tccProcess,
INSTITUTO DE BIOTECNOLOGIA,tede/10,Curso de Graduação em Medicina (bacharelado),123456789/11804,Trabalhos de Conclusão de Curso,123456789/12239,8e6d94ba,tccProcess,
INSTITUTO DE BIOTECNOLOGIA,tede/10,Curso de Graduação em Psicologia (bacharelado e licenciatura),123456789/11806,Trabalhos de Conclusão de Curso,123456789/12242,f8e22a6f,tccProcess,
INSTITUTO DE BIOTECNOLOGIA,tede/10,Curso de Graduação em Psicologia (bacharelado),123456789/11805,Trabalhos de Conclusão de Curso,123456789/12241,b83fe7d1,tccProcess,
INSTITUTO DE ESTUDOS DA LINGUAGEM,tede/5,Curso de Graduação em Letras - Português (licenciatura),123456789/11807,Trabalhos de Conclusão de Curso,123456789/12236,c1f878db,tccProcess,
INSTITUTO DE ESTUDOS DA LINGUAGEM,tede/5,Curso de Graduação em Letras - Português/Inglês (licenciatura),123456789/11808,Trabalhos de Conclusão de Curso,123456789/12235,881543d9,tccProcess,
INSTITUTO DE FÍSICA,tede/11,Curso de Graduação em Física (bacharelado),123456789/11809,Trabalhos de Conclusão de Curso,,,tccProcess,Nota para TI: exclui pois o handle estava igual ao handle do repositorio em produção de Curso de Graduação em Matemática (licenciatura)
INSTITUTO DE FÍSICA,tede/11,Curso de Graduação em Física (licenciatura),123456789/11810,Trabalhos de Conclusão de Curso,123456789/12230,c3eb7d0e,tccProcess,
INSTITUTO DE GEOGRAFIA,tede/9,Curso de Graduação em Geografia (bacharelado),123456789/11811,Trabalhos de Conclusão de Curso,123456789/12231,e0089e52,tccProcess,
INSTITUTO DE GEOGRAFIA,tede/9,Curso de Graduação em Geografia (licenciatura),123456789/11812,Trabalhos de Conclusão de Curso,123456789/12232,9e3c4625,tccProcess,
INSTITUTO DE HISTÓRIA E CIÊNCIAS SOCIAIS,tede/3,Curso de Graduação em Ciências Sociais (bacharelado),123456789/11816,Trabalhos de Conclusão de Curso,123456789/12219,933d9296,tccProcess,
INSTITUTO DE HISTÓRIA E CIÊNCIAS SOCIAIS,tede/3,Curso de Graduação em Ciências Sociais (licenciatura),123456789/11815,Trabalhos de Conclusão de Curso,123456789/12220,6a3a9304,tccProcess,
INSTITUTO DE HISTÓRIA E CIÊNCIAS SOCIAIS,tede/3,Curso de Graduação em História (bacharelado),123456789/11814,Trabalhos de Conclusão de Curso,123456789/12233,d7b68ee5,tccProcess,
INSTITUTO DE HISTÓRIA E CIÊNCIAS SOCIAIS,tede/3,Curso de Graduação em História (licenciatura),123456789/11813,Trabalhos de Conclusão de Curso,123456789/12234,2f5eaf3e,tccProcess,
INSTITUTO DE MATEMÁTICA E TECNOLOGIA,tede/4,Curso de Graduação em Engenharia Mecatrônica (bacharelado),123456789/11817,Trabalhos de Conclusão de Curso,123456789/12228,addd0b7a,tccProcess,
INSTITUTO DE MATEMÁTICA E TECNOLOGIA,tede/4,Curso de Graduação em Matemática (licenciatura),123456789/11818,Trabalhos de Conclusão de Curso,123456789/12220,53704406-5412-40b1-a5cd-160fdab3b86f,tccProcess,
INSTITUTO DE MATEMÁTICA E TECNOLOGIA,tede/4,Curso de Graduação em Matemática EaD (licenciatura),123456789/11820,Trabalhos de Conclusão de Curso,123456789/12238,99d866f5,tccProcess,
INSTITUTO DE MATEMÁTICA E TECNOLOGIA,tede/4,Curso de Graduação em Matemática Industrial (bacharelado),123456789/11819,Trabalhos de Conclusão de Curso,123456789/12223,718505c0-4229-4ee6-816d-f5278ac08ee4,tccProcess,
INSTITUTO DE QUÍMICA,tede/12,Curso de Graduação em Química (bacharelado),123456789/11821,Trabalhos de Conclusão de Curso,123456789/12243,46cd889c,tccProcess,
INSTITUTO DE QUÍMICA,tede/12,Curso de Graduação em Química (licenciatura),123456789/11822,Trabalhos de Conclusão de Curso,123456789/12245,dc7aa75a,tccProcess,
INSTITUTO DE QUÍMICA,tede/12,Curso de Graduação em Química Industrial (bacharelado),123456789/11823,Trabalhos de Conclusão de Curso,123456789/12244,3df2fab1,tccProcess,
